[
    {
        "key": "group_580a618fd7c26",
        "title": "Button Group",
        "fields": [
            {
                "key": "field_58e511f6f8c2b",
                "label": "Button?",
                "name": "button",
                "type": "true_false",
                "instructions": "",
                "required": 0,
                "conditional_logic": 0,
                "wrapper": {
                    "width": "",
                    "class": "",
                    "id": ""
                },
                "message": "",
                "default_value": 0,
                "ui": 0,
                "ui_on_text": "",
                "ui_off_text": ""
            },
            {
                "key": "field_580a61932d7b1",
                "label": "Button Text",
                "name": "button_text",
                "type": "text",
                "instructions": "",
                "required": 0,
                "conditional_logic": [
                    [
                        {
                            "field": "field_58e511f6f8c2b",
                            "operator": "==",
                            "value": "1"
                        }
                    ]
                ],
                "wrapper": {
                    "width": "33",
                    "class": "",
                    "id": ""
                },
                "default_value": "",
                "placeholder": "",
                "prepend": "",
                "append": "",
                "maxlength": ""
            },
            {
                "key": "field_580a619b2d7b2",
                "label": "Button URL",
                "name": "button_url",
                "type": "text",
                "instructions": "",
                "required": 0,
                "conditional_logic": [
                    [
                        {
                            "field": "field_58e511f6f8c2b",
                            "operator": "==",
                            "value": "1"
                        }
                    ]
                ],
                "wrapper": {
                    "width": "33",
                    "class": "",
                    "id": ""
                },
                "default_value": "",
                "placeholder": "",
                "prepend": "",
                "append": "",
                "maxlength": ""
            },
            {
                "key": "field_58e511d8f8c2a",
                "label": "Button Class",
                "name": "button_class",
                "type": "text",
                "instructions": "",
                "required": 0,
                "conditional_logic": [
                    [
                        {
                            "field": "field_58e511f6f8c2b",
                            "operator": "==",
                            "value": "1"
                        }
                    ]
                ],
                "wrapper": {
                    "width": "33",
                    "class": "",
                    "id": ""
                },
                "default_value": "",
                "placeholder": "",
                "prepend": "",
                "append": "",
                "maxlength": ""
            }
        ],
        "location": [
            [
                {
                    "param": "post_type",
                    "operator": "==",
                    "value": "post"
                },
                {
                    "param": "post_type",
                    "operator": "!=",
                    "value": "post"
                }
            ]
        ],
        "menu_order": 0,
        "position": "normal",
        "style": "default",
        "label_placement": "top",
        "instruction_placement": "label",
        "hide_on_screen": "",
        "active": 1,
        "description": ""
    },
    {
        "key": "group_580af2c3288eb",
        "title": "Columns",
        "fields": [
            {
                "key": "field_580af4a8db9e8",
                "label": "Column Count",
                "name": "column_count",
                "type": "select",
                "instructions": "",
                "required": 0,
                "conditional_logic": 0,
                "wrapper": {
                    "width": "",
                    "class": "",
                    "id": ""
                },
                "choices": {
                    "one": "One",
                    "two": "Two",
                    "three": "Three",
                    "four": "Four"
                },
                "default_value": [],
                "allow_null": 0,
                "multiple": 0,
                "ui": 0,
                "ajax": 0,
                "return_format": "value",
                "placeholder": ""
            },
            {
                "key": "field_580af4d3db9e9",
                "label": "Columns",
                "name": "columns",
                "type": "repeater",
                "instructions": "",
                "required": 0,
                "conditional_logic": 0,
                "wrapper": {
                    "width": "",
                    "class": "",
                    "id": ""
                },
                "collapsed": "",
                "min": 0,
                "max": 4,
                "layout": "block",
                "button_label": "Add Row",
                "sub_fields": [
                    {
                        "key": "field_580af388db60e",
                        "label": "Icon",
                        "name": "icon",
                        "type": "image",
                        "instructions": "",
                        "required": 0,
                        "conditional_logic": 0,
                        "wrapper": {
                            "width": "",
                            "class": "",
                            "id": ""
                        },
                        "return_format": "url",
                        "preview_size": "thumbnail",
                        "library": "all",
                        "min_width": "",
                        "min_height": "",
                        "min_size": "",
                        "max_width": "",
                        "max_height": "",
                        "max_size": "",
                        "mime_types": ""
                    },
                    {
                        "key": "field_580af6d4b7b13",
                        "label": "Hover Icon",
                        "name": "hover_icon",
                        "type": "image",
                        "instructions": "",
                        "required": 0,
                        "conditional_logic": 0,
                        "wrapper": {
                            "width": "",
                            "class": "",
                            "id": ""
                        },
                        "return_format": "url",
                        "preview_size": "thumbnail",
                        "library": "all",
                        "min_width": "",
                        "min_height": "",
                        "min_size": "",
                        "max_width": "",
                        "max_height": "",
                        "max_size": "",
                        "mime_types": ""
                    },
                    {
                        "key": "field_580af3cfdb610",
                        "label": "Link",
                        "name": "link",
                        "type": "text",
                        "instructions": "",
                        "required": 0,
                        "conditional_logic": 0,
                        "wrapper": {
                            "width": "",
                            "class": "",
                            "id": ""
                        },
                        "default_value": "",
                        "placeholder": "",
                        "prepend": "",
                        "append": "",
                        "maxlength": ""
                    },
                    {
                        "key": "field_580af36fdb60c",
                        "label": "Header",
                        "name": "header",
                        "type": "text",
                        "instructions": "",
                        "required": 0,
                        "conditional_logic": 0,
                        "wrapper": {
                            "width": "",
                            "class": "",
                            "id": ""
                        },
                        "default_value": "",
                        "placeholder": "",
                        "prepend": "",
                        "append": "",
                        "maxlength": ""
                    },
                    {
                        "key": "field_580af383db60d",
                        "label": "Subheader",
                        "name": "subheader",
                        "type": "wysiwyg",
                        "instructions": "",
                        "required": 0,
                        "conditional_logic": 0,
                        "wrapper": {
                            "width": "",
                            "class": "",
                            "id": ""
                        },
                        "default_value": "",
                        "tabs": "all",
                        "toolbar": "full",
                        "media_upload": 1,
                        "delay": 0
                    }
                ]
            }
        ],
        "location": [
            [
                {
                    "param": "post_type",
                    "operator": "==",
                    "value": "page"
                },
                {
                    "param": "post_type",
                    "operator": "!=",
                    "value": "page"
                }
            ]
        ],
        "menu_order": 0,
        "position": "normal",
        "style": "default",
        "label_placement": "top",
        "instruction_placement": "label",
        "hide_on_screen": "",
        "active": 1,
        "description": ""
    },
    {
        "key": "group_57a2e53db432a",
        "title": "Flexible Field Groups",
        "fields": [
            {
                "key": "field_57a2e5445a5ba",
                "label": "Flexible Fields",
                "name": "flexible_fields",
                "type": "flexible_content",
                "instructions": "",
                "required": 0,
                "conditional_logic": 0,
                "wrapper": {
                    "width": "",
                    "class": "",
                    "id": ""
                },
                "button_label": "Add Row",
                "min": "",
                "max": "",
                "layouts": [
                    {
                        "key": "57a2e5d9a281e",
                        "name": "content",
                        "label": "Content",
                        "display": "block",
                        "sub_fields": [
                            {
                                "key": "field_58e512b9c618b",
                                "label": "Title",
                                "name": "title",
                                "type": "text",
                                "instructions": "",
                                "required": 0,
                                "conditional_logic": 0,
                                "wrapper": {
                                    "width": "50",
                                    "class": "",
                                    "id": ""
                                },
                                "default_value": "",
                                "placeholder": "",
                                "prepend": "",
                                "append": "",
                                "maxlength": ""
                            },
                            {
                                "key": "field_58e512c3c618c",
                                "label": "Subtitle",
                                "name": "subtitle",
                                "type": "text",
                                "instructions": "",
                                "required": 0,
                                "conditional_logic": 0,
                                "wrapper": {
                                    "width": "50",
                                    "class": "",
                                    "id": ""
                                },
                                "default_value": "",
                                "placeholder": "",
                                "prepend": "",
                                "append": "",
                                "maxlength": ""
                            },
                            {
                                "key": "field_57a2e5d86e6b2",
                                "label": "Content",
                                "name": "content",
                                "type": "wysiwyg",
                                "instructions": "",
                                "required": 0,
                                "conditional_logic": 0,
                                "wrapper": {
                                    "width": "",
                                    "class": "",
                                    "id": ""
                                },
                                "default_value": "",
                                "tabs": "all",
                                "toolbar": "full",
                                "media_upload": 1,
                                "delay": 0
                            },
                            {
                                "key": "field_58e51253c6189",
                                "label": "Background Color",
                                "name": "background_color",
                                "type": "color_picker",
                                "instructions": "",
                                "required": 0,
                                "conditional_logic": 0,
                                "wrapper": {
                                    "width": "25",
                                    "class": "",
                                    "id": ""
                                },
                                "default_value": ""
                            },
                            {
                                "key": "field_58e5125cc618a",
                                "label": "Text Color",
                                "name": "text_color",
                                "type": "color_picker",
                                "instructions": "",
                                "required": 0,
                                "conditional_logic": 0,
                                "wrapper": {
                                    "width": "25",
                                    "class": "",
                                    "id": ""
                                },
                                "default_value": ""
                            },
                            {
                                "key": "field_58e514bc73156",
                                "label": "Background Image",
                                "name": "background_image",
                                "type": "image",
                                "instructions": "",
                                "required": 0,
                                "conditional_logic": 0,
                                "wrapper": {
                                    "width": "25",
                                    "class": "",
                                    "id": ""
                                },
                                "return_format": "array",
                                "preview_size": "thumbnail",
                                "library": "all",
                                "min_width": "",
                                "min_height": "",
                                "min_size": "",
                                "max_width": "",
                                "max_height": "",
                                "max_size": "",
                                "mime_types": ""
                            },
                            {
                                "key": "field_58e512ebc618d",
                                "label": "Background Position",
                                "name": "background_position",
                                "type": "select",
                                "instructions": "",
                                "required": 0,
                                "conditional_logic": 0,
                                "wrapper": {
                                    "width": "25",
                                    "class": "",
                                    "id": ""
                                },
                                "choices": {
                                    "left top": "left top",
                                    "left center": "left center",
                                    "left bottom": "left bottom",
                                    "right top": "right top",
                                    "right center": "right center",
                                    "right bottom": "right bottom",
                                    "center top": "center top",
                                    "center center": "center center",
                                    "center bottom": "center bottom"
                                },
                                "default_value": [],
                                "allow_null": 0,
                                "multiple": 0,
                                "ui": 0,
                                "ajax": 0,
                                "return_format": "value",
                                "placeholder": ""
                            }
                        ],
                        "min": "",
                        "max": ""
                    },
                    {
                        "key": "580f8cc756c82",
                        "name": "slider",
                        "label": "Slider",
                        "display": "block",
                        "sub_fields": [
                            {
                                "key": "field_580f8cce56c83",
                                "label": "Content Slider",
                                "name": "content_slider",
                                "type": "clone",
                                "instructions": "",
                                "required": 0,
                                "conditional_logic": 0,
                                "wrapper": {
                                    "width": "",
                                    "class": "",
                                    "id": ""
                                },
                                "clone": [
                                    "group_580e5e9d8f654"
                                ],
                                "display": "seamless",
                                "layout": "table",
                                "prefix_label": 1,
                                "prefix_name": 1
                            }
                        ],
                        "min": "",
                        "max": ""
                    },
                    {
                        "key": "580f8d1556c84",
                        "name": "hero_slider",
                        "label": "Hero Slider",
                        "display": "block",
                        "sub_fields": [
                            {
                                "key": "field_580f8d1c56c85",
                                "label": "Hero Slider",
                                "name": "hero_slider",
                                "type": "clone",
                                "instructions": "",
                                "required": 0,
                                "conditional_logic": 0,
                                "wrapper": {
                                    "width": "",
                                    "class": "",
                                    "id": ""
                                },
                                "clone": [
                                    "group_580a851d18d18"
                                ],
                                "display": "seamless",
                                "layout": "block",
                                "prefix_label": 1,
                                "prefix_name": 1
                            }
                        ],
                        "min": "",
                        "max": ""
                    },
                    {
                        "key": "580f8d3856c86",
                        "name": "columns",
                        "label": "Columns",
                        "display": "block",
                        "sub_fields": [
                            {
                                "key": "field_580f8d4256c87",
                                "label": "Columns",
                                "name": "columns",
                                "type": "clone",
                                "instructions": "",
                                "required": 0,
                                "conditional_logic": 0,
                                "wrapper": {
                                    "width": "",
                                    "class": "",
                                    "id": ""
                                },
                                "clone": [
                                    "group_580af2c3288eb"
                                ],
                                "display": "seamless",
                                "layout": "block",
                                "prefix_label": 1,
                                "prefix_name": 1
                            }
                        ],
                        "min": "",
                        "max": ""
                    },
                    {
                        "key": "580f8d5956c88",
                        "name": "full_width",
                        "label": "Full Width",
                        "display": "block",
                        "sub_fields": [
                            {
                                "key": "field_580f8d7256c89",
                                "label": "Full Width",
                                "name": "full_width",
                                "type": "clone",
                                "instructions": "",
                                "required": 0,
                                "conditional_logic": 0,
                                "wrapper": {
                                    "width": "",
                                    "class": "",
                                    "id": ""
                                },
                                "clone": [
                                    "group_580a81bc28d5c"
                                ],
                                "display": "seamless",
                                "layout": "block",
                                "prefix_label": 1,
                                "prefix_name": 1
                            }
                        ],
                        "min": "",
                        "max": ""
                    },
                    {
                        "key": "58e52259584da",
                        "name": "posts",
                        "label": "Posts",
                        "display": "block",
                        "sub_fields": [
                            {
                                "key": "field_58e5225d584db",
                                "label": "Title",
                                "name": "title",
                                "type": "text",
                                "instructions": "",
                                "required": 0,
                                "conditional_logic": 0,
                                "wrapper": {
                                    "width": "",
                                    "class": "",
                                    "id": ""
                                },
                                "default_value": "",
                                "placeholder": "",
                                "prepend": "",
                                "append": "",
                                "maxlength": ""
                            },
                            {
                                "key": "field_58e52262584dc",
                                "label": "Subtitle",
                                "name": "subtitle",
                                "type": "text",
                                "instructions": "",
                                "required": 0,
                                "conditional_logic": 0,
                                "wrapper": {
                                    "width": "",
                                    "class": "",
                                    "id": ""
                                },
                                "default_value": "",
                                "placeholder": "",
                                "prepend": "",
                                "append": "",
                                "maxlength": ""
                            }
                        ],
                        "min": "",
                        "max": ""
                    }
                ]
            }
        ],
        "location": [
            [
                {
                    "param": "post_type",
                    "operator": "==",
                    "value": "page"
                }
            ]
        ],
        "menu_order": 0,
        "position": "normal",
        "style": "seamless",
        "label_placement": "top",
        "instruction_placement": "label",
        "hide_on_screen": [
            "the_content",
            "custom_fields",
            "discussion",
            "comments"
        ],
        "active": 1,
        "description": ""
    },
    {
        "key": "group_580a81bc28d5c",
        "title": "Full Width Content Shelf",
        "fields": [
            {
                "key": "field_580a81c8a771c",
                "label": "Background Image",
                "name": "background_image",
                "type": "image",
                "instructions": "",
                "required": 0,
                "conditional_logic": 0,
                "wrapper": {
                    "width": "",
                    "class": "",
                    "id": ""
                },
                "return_format": "url",
                "preview_size": "full",
                "library": "all",
                "min_width": "",
                "min_height": "",
                "min_size": "",
                "max_width": "",
                "max_height": "",
                "max_size": "",
                "mime_types": ""
            },
            {
                "key": "field_580a82a3a771d",
                "label": "Header",
                "name": "header",
                "type": "text",
                "instructions": "",
                "required": 0,
                "conditional_logic": 0,
                "wrapper": {
                    "width": "",
                    "class": "",
                    "id": ""
                },
                "default_value": "",
                "placeholder": "",
                "prepend": "",
                "append": "",
                "maxlength": "",
                "readonly": 0,
                "disabled": 0
            },
            {
                "key": "field_580a82c9a771e",
                "label": "Sub Header",
                "name": "sub_header",
                "type": "text",
                "instructions": "",
                "required": 0,
                "conditional_logic": 0,
                "wrapper": {
                    "width": "",
                    "class": "",
                    "id": ""
                },
                "default_value": "",
                "placeholder": "",
                "prepend": "",
                "append": "",
                "maxlength": "",
                "readonly": 0,
                "disabled": 0
            },
            {
                "key": "field_580a82eba771f",
                "label": "Icon",
                "name": "icon",
                "type": "image",
                "instructions": "",
                "required": 0,
                "conditional_logic": 0,
                "wrapper": {
                    "width": "",
                    "class": "",
                    "id": ""
                },
                "return_format": "url",
                "preview_size": "medium",
                "library": "all",
                "min_width": "",
                "min_height": "",
                "min_size": "",
                "max_width": "",
                "max_height": "",
                "max_size": "",
                "mime_types": ""
            },
            {
                "key": "field_580a84bea7720",
                "label": "Wysiwyg",
                "name": "wysiwyg",
                "type": "wysiwyg",
                "instructions": "",
                "required": 0,
                "conditional_logic": 0,
                "wrapper": {
                    "width": "",
                    "class": "",
                    "id": ""
                },
                "default_value": "",
                "tabs": "all",
                "toolbar": "full",
                "media_upload": 1,
                "delay": 0
            },
            {
                "key": "field_580a892176ab8",
                "label": "Content Position",
                "name": "content_position",
                "type": "select",
                "instructions": "",
                "required": 0,
                "conditional_logic": 0,
                "wrapper": {
                    "width": "",
                    "class": "",
                    "id": ""
                },
                "choices": {
                    "left": "Left",
                    "right": "Right",
                    "center": "Center"
                },
                "default_value": [],
                "allow_null": 0,
                "multiple": 0,
                "ui": 0,
                "ajax": 0,
                "placeholder": "",
                "disabled": 0,
                "readonly": 0,
                "return_format": "value"
            }
        ],
        "location": [
            [
                {
                    "param": "post_type",
                    "operator": "==",
                    "value": "page"
                },
                {
                    "param": "post_type",
                    "operator": "!=",
                    "value": "page"
                }
            ]
        ],
        "menu_order": 0,
        "position": "normal",
        "style": "default",
        "label_placement": "top",
        "instruction_placement": "label",
        "hide_on_screen": "",
        "active": 1,
        "description": ""
    },
    {
        "key": "group_580a851d18d18",
        "title": "Hero Slider",
        "fields": [
            {
                "key": "field_580a861c08252",
                "label": "Slide",
                "name": "slide",
                "type": "repeater",
                "instructions": "",
                "required": 0,
                "conditional_logic": 0,
                "wrapper": {
                    "width": "",
                    "class": "",
                    "id": ""
                },
                "collapsed": "",
                "min": 0,
                "max": 0,
                "layout": "table",
                "button_label": "Add Row",
                "sub_fields": [
                    {
                        "key": "field_580a862308253",
                        "label": "Header",
                        "name": "header",
                        "type": "text",
                        "instructions": "",
                        "required": 0,
                        "conditional_logic": 0,
                        "wrapper": {
                            "width": "",
                            "class": "",
                            "id": ""
                        },
                        "default_value": "",
                        "placeholder": "",
                        "prepend": "",
                        "append": "",
                        "maxlength": ""
                    },
                    {
                        "key": "field_580a862b08254",
                        "label": "Subheader",
                        "name": "subheader",
                        "type": "text",
                        "instructions": "",
                        "required": 0,
                        "conditional_logic": 0,
                        "wrapper": {
                            "width": "",
                            "class": "",
                            "id": ""
                        },
                        "default_value": "",
                        "placeholder": "",
                        "prepend": "",
                        "append": "",
                        "maxlength": ""
                    },
                    {
                        "key": "field_580a862f08255",
                        "label": "Text Align",
                        "name": "text_align",
                        "type": "select",
                        "instructions": "",
                        "required": 0,
                        "conditional_logic": 0,
                        "wrapper": {
                            "width": "",
                            "class": "",
                            "id": ""
                        },
                        "choices": {
                            "left": "Left",
                            "center": "Center",
                            "right": "Right"
                        },
                        "default_value": [],
                        "allow_null": 1,
                        "multiple": 0,
                        "ui": 0,
                        "ajax": 0,
                        "return_format": "value",
                        "placeholder": ""
                    },
                    {
                        "key": "field_580a865408256",
                        "label": "Icon",
                        "name": "icon",
                        "type": "image",
                        "instructions": "",
                        "required": 0,
                        "conditional_logic": 0,
                        "wrapper": {
                            "width": "",
                            "class": "",
                            "id": ""
                        },
                        "return_format": "url",
                        "preview_size": "thumbnail",
                        "library": "all",
                        "min_width": "",
                        "min_height": "",
                        "min_size": "",
                        "max_width": "",
                        "max_height": "",
                        "max_size": "",
                        "mime_types": ""
                    },
                    {
                        "key": "field_580a865e08257",
                        "label": "Background",
                        "name": "background",
                        "type": "image",
                        "instructions": "",
                        "required": 0,
                        "conditional_logic": 0,
                        "wrapper": {
                            "width": "",
                            "class": "",
                            "id": ""
                        },
                        "return_format": "url",
                        "preview_size": "thumbnail",
                        "library": "all",
                        "min_width": "",
                        "min_height": "",
                        "min_size": "",
                        "max_width": "",
                        "max_height": "",
                        "max_size": "",
                        "mime_types": ""
                    }
                ]
            }
        ],
        "location": [
            [
                {
                    "param": "page",
                    "operator": "==",
                    "value": "8"
                },
                {
                    "param": "page",
                    "operator": "!=",
                    "value": "8"
                }
            ]
        ],
        "menu_order": 0,
        "position": "normal",
        "style": "default",
        "label_placement": "top",
        "instruction_placement": "label",
        "hide_on_screen": "",
        "active": 1,
        "description": ""
    },
    {
        "key": "group_580e5e9d8f654",
        "title": "Slider",
        "fields": [
            {
                "key": "field_580e5ea288570",
                "label": "Slides",
                "name": "slides",
                "type": "repeater",
                "instructions": "",
                "required": 0,
                "conditional_logic": 0,
                "wrapper": {
                    "width": "",
                    "class": "",
                    "id": ""
                },
                "collapsed": "",
                "min": 0,
                "max": 0,
                "layout": "table",
                "button_label": "Add Row",
                "sub_fields": [
                    {
                        "key": "field_580e5ee188571",
                        "label": "Slider Image",
                        "name": "slider_image",
                        "type": "image",
                        "instructions": "",
                        "required": 0,
                        "conditional_logic": 0,
                        "wrapper": {
                            "width": "",
                            "class": "",
                            "id": ""
                        },
                        "return_format": "url",
                        "preview_size": "thumbnail",
                        "library": "all",
                        "min_width": "",
                        "min_height": "",
                        "min_size": "",
                        "max_width": "",
                        "max_height": "",
                        "max_size": "",
                        "mime_types": ""
                    },
                    {
                        "key": "field_580e5efb88572",
                        "label": "Slider Header",
                        "name": "slider_header",
                        "type": "text",
                        "instructions": "",
                        "required": 0,
                        "conditional_logic": 0,
                        "wrapper": {
                            "width": "",
                            "class": "",
                            "id": ""
                        },
                        "default_value": "",
                        "placeholder": "",
                        "prepend": "",
                        "append": "",
                        "maxlength": "",
                        "readonly": 0,
                        "disabled": 0
                    },
                    {
                        "key": "field_580e610b511e4",
                        "label": "Slider Subheader",
                        "name": "slider_subheader",
                        "type": "text",
                        "instructions": "",
                        "required": 0,
                        "conditional_logic": 0,
                        "wrapper": {
                            "width": "",
                            "class": "",
                            "id": ""
                        },
                        "default_value": "",
                        "placeholder": "",
                        "prepend": "",
                        "append": "",
                        "maxlength": "",
                        "readonly": 0,
                        "disabled": 0
                    }
                ]
            }
        ],
        "location": [
            [
                {
                    "param": "post_type",
                    "operator": "==",
                    "value": "page"
                },
                {
                    "param": "post_type",
                    "operator": "!=",
                    "value": "page"
                }
            ]
        ],
        "menu_order": 0,
        "position": "normal",
        "style": "default",
        "label_placement": "top",
        "instruction_placement": "label",
        "hide_on_screen": "",
        "active": 1,
        "description": ""
    },
    {
        "key": "group_58221fe59a656",
        "title": "Theme Options",
        "fields": [
            {
                "key": "field_58221ff6fd2e9",
                "label": "Social Media",
                "name": "",
                "type": "tab",
                "instructions": "",
                "required": 0,
                "conditional_logic": 0,
                "wrapper": {
                    "width": "",
                    "class": "",
                    "id": ""
                },
                "placement": "top",
                "endpoint": 0
            },
            {
                "key": "field_58222003fd2ea",
                "label": "Facebook Link",
                "name": "facebook_link",
                "type": "text",
                "instructions": "",
                "required": 0,
                "conditional_logic": 0,
                "wrapper": {
                    "width": "",
                    "class": "",
                    "id": ""
                },
                "default_value": "",
                "placeholder": "",
                "prepend": "",
                "append": "",
                "maxlength": ""
            },
            {
                "key": "field_5822200afd2eb",
                "label": "Linkedin Link",
                "name": "linkedin_link",
                "type": "text",
                "instructions": "",
                "required": 0,
                "conditional_logic": 0,
                "wrapper": {
                    "width": "",
                    "class": "",
                    "id": ""
                },
                "default_value": "",
                "placeholder": "",
                "prepend": "",
                "append": "",
                "maxlength": ""
            },
            {
                "key": "field_58222011fd2ec",
                "label": "Twitter Link",
                "name": "twitter_link",
                "type": "text",
                "instructions": "",
                "required": 0,
                "conditional_logic": 0,
                "wrapper": {
                    "width": "",
                    "class": "",
                    "id": ""
                },
                "default_value": "",
                "placeholder": "",
                "prepend": "",
                "append": "",
                "maxlength": ""
            },
            {
                "key": "field_5822201bfd2ed",
                "label": "Instagram Link",
                "name": "instagram_link",
                "type": "text",
                "instructions": "",
                "required": 0,
                "conditional_logic": 0,
                "wrapper": {
                    "width": "",
                    "class": "",
                    "id": ""
                },
                "default_value": "",
                "placeholder": "",
                "prepend": "",
                "append": "",
                "maxlength": ""
            },
            {
                "key": "field_583c9bcfbedaa",
                "label": "Tracking Code",
                "name": "",
                "type": "tab",
                "instructions": "",
                "required": 0,
                "conditional_logic": 0,
                "wrapper": {
                    "width": "",
                    "class": "",
                    "id": ""
                },
                "placement": "top",
                "endpoint": 0
            },
            {
                "key": "field_583c9aea8a00d",
                "label": "Analytics Code - Head",
                "name": "analytics_code_head",
                "type": "textarea",
                "instructions": "",
                "required": 0,
                "conditional_logic": 0,
                "wrapper": {
                    "width": "",
                    "class": "",
                    "id": ""
                },
                "default_value": "",
                "placeholder": "",
                "maxlength": "",
                "rows": "",
                "new_lines": "wpautop"
            },
            {
                "key": "field_583c9b378a00e",
                "label": "Analytics Code - Body",
                "name": "analytics_code_body",
                "type": "textarea",
                "instructions": "",
                "required": 0,
                "conditional_logic": 0,
                "wrapper": {
                    "width": "",
                    "class": "",
                    "id": ""
                },
                "default_value": "",
                "placeholder": "",
                "maxlength": "",
                "rows": "",
                "new_lines": "wpautop"
            },
            {
                "key": "field_587d31d315c09",
                "label": "Footer Text",
                "name": "",
                "type": "tab",
                "instructions": "",
                "required": 0,
                "conditional_logic": 0,
                "wrapper": {
                    "width": "",
                    "class": "",
                    "id": ""
                },
                "placement": "top",
                "endpoint": 0
            },
            {
                "key": "field_587d31de15c0a",
                "label": "Signature Text",
                "name": "signature_text",
                "type": "select",
                "instructions": "",
                "required": 0,
                "conditional_logic": 0,
                "wrapper": {
                    "width": "50",
                    "class": "",
                    "id": ""
                },
                "multiple": 0,
                "allow_null": 0,
                "choices": {
                    "Web design by": "Web design by",
                    "Utah web design by": "Utah web design by",
                    "Web development by": "Web development by",
                    "Utah web development by": "Utah web development by"
                },
                "default_value": [
                    "Web design by"
                ],
                "ui": 0,
                "ajax": 0,
                "placeholder": "",
                "return_format": "value"
            },
            {
                "key": "field_587d322315c0b",
                "label": "Signature Link",
                "name": "signature_link",
                "type": "url",
                "instructions": "",
                "required": 0,
                "conditional_logic": 0,
                "wrapper": {
                    "width": "50",
                    "class": "",
                    "id": ""
                },
                "default_value": "https:\/\/firetoss.com\/web-design-utah\/",
                "placeholder": ""
            },
            {
                "key": "field_587eaf5d7bd59",
                "label": "Footer Image",
                "name": "footer_image",
                "type": "image_select",
                "instructions": "",
                "required": 0,
                "conditional_logic": 0,
                "wrapper": {
                    "width": "",
                    "class": "",
                    "id": ""
                },
                "choices": {
                    "firetoss-1": "firetoss-1",
                    "firetoss-2": "firetoss-2",
                    "driveteks-1": "driveteks-1",
                    "driveteks-2": "driveteks-2"
                },
                "default_value": {
                    "{\"firetoss-1\":\"firetoss-1\"}": "{\"firetoss-1\":\"firetoss-1\"}"
                },
                "multiple": 0,
                "image_path": "http:\/\/seed.devft.com\/wp-content\/themes\/firetoss_seed-josh\/img\/",
                "image_extension": "png"
            },
            {
                "key": "field_587eafc17bd5a",
                "label": "Footer Image Link",
                "name": "footer_image_link",
                "type": "url",
                "instructions": "",
                "required": 0,
                "conditional_logic": 0,
                "wrapper": {
                    "width": "",
                    "class": "",
                    "id": ""
                },
                "default_value": "https:\/\/firetoss.com\/web-design-utah\/",
                "placeholder": ""
            }
        ],
        "location": [
            [
                {
                    "param": "options_page",
                    "operator": "==",
                    "value": "theme-general-settings"
                }
            ]
        ],
        "menu_order": 0,
        "position": "normal",
        "style": "default",
        "label_placement": "top",
        "instruction_placement": "label",
        "hide_on_screen": "",
        "active": 1,
        "description": ""
    }
]